Month,Pear,Banana,Apple,Mean,total
Jan,100,500,739,446.3333333,1339
Feb,398,388,283,356.3333333,1069
March,839,122,221,394,1182
April,732,230,849,603.6666667,1811
May,300,329,485,371.3333333,1114
June,985,345,832,720.6666667,2162
July,394,933,239,522,1566
